File;Date;Type;Corpus;Split
1.txt;1859;monograph;ICDAR2017;train
2.txt;1864;monograph;ICDAR2017;train
3.txt;1861;monograph;ICDAR2017;train
4.txt;1857;monograph;ICDAR2017;train
6.txt;1883;monograph;ICDAR2017;train
7.txt;1876;monograph;ICDAR2017;train
10.txt;1854;monograph;ICDAR2017;test
12.txt;1860;monograph;ICDAR2017;train
14.txt;1804;monograph;ICDAR2017;train
15.txt;1867;monograph;ICDAR2017;dev
21.txt;1863;monograph;ICDAR2017;train
22.txt;1863;monograph;ICDAR2017;train
23.txt;1863;monograph;ICDAR2017;train
24.txt;1863;monograph;ICDAR2017;train
25.txt;1863;monograph;ICDAR2017;train
26.txt;1863;monograph;ICDAR2017;train
27.txt;1863;monograph;ICDAR2017;train
28.txt;1863;monograph;ICDAR2017;train
29.txt;1863;monograph;ICDAR2017;train
30.txt;1863;monograph;ICDAR2017;train
31.txt;1863;monograph;ICDAR2017;train
32.txt;1863;monograph;ICDAR2017;train
33.txt;1863;monograph;ICDAR2017;train
34.txt;1863;monograph;ICDAR2017;train
35.txt;1863;monograph;ICDAR2017;train
36.txt;1863;monograph;ICDAR2017;train
37.txt;1863;monograph;ICDAR2017;train
38.txt;1863;monograph;ICDAR2017;train
39.txt;1863;monograph;ICDAR2017;train
40.txt;1863;monograph;ICDAR2017;dev
41.txt;1863;monograph;ICDAR2017;test
42.txt;1863;monograph;ICDAR2017;train
43.txt;1863;monograph;ICDAR2017;dev
44.txt;1863;monograph;ICDAR2017;train
45.txt;1863;monograph;ICDAR2017;test
46.txt;1863;monograph;ICDAR2017;train
47.txt;1863;monograph;ICDAR2017;test
48.txt;1863;monograph;ICDAR2017;train
49.txt;1863;monograph;ICDAR2017;train
50.txt;1863;monograph;ICDAR2017;train
51.txt;1863;monograph;ICDAR2017;train
52.txt;1863;monograph;ICDAR2017;test
53.txt;1863;monograph;ICDAR2017;train
54.txt;1863;monograph;ICDAR2017;dev
55.txt;1863;monograph;ICDAR2017;dev
56.txt;1863;monograph;ICDAR2017;train
57.txt;1863;monograph;ICDAR2017;test
58.txt;1863;monograph;ICDAR2017;train
59.txt;1863;monograph;ICDAR2017;train
60.txt;1821;monograph;ICDAR2017;train
61.txt;1821;monograph;ICDAR2017;train
62.txt;1821;monograph;ICDAR2017;train
63.txt;1821;monograph;ICDAR2017;dev
64.txt;1821;monograph;ICDAR2017;train
65.txt;1821;monograph;ICDAR2017;test
66.txt;1821;monograph;ICDAR2017;train
67.txt;1821;monograph;ICDAR2017;train
68.txt;1821;monograph;ICDAR2017;train
69.txt;1821;monograph;ICDAR2017;train
70.txt;1821;monograph;ICDAR2017;train
71.txt;1821;monograph;ICDAR2017;train
72.txt;1821;monograph;ICDAR2017;train
73.txt;1821;monograph;ICDAR2017;train
74.txt;1821;monograph;ICDAR2017;train
75.txt;1821;monograph;ICDAR2017;test
76.txt;1821;monograph;ICDAR2017;train
77.txt;1821;monograph;ICDAR2017;train
78.txt;1821;monograph;ICDAR2017;train
79.txt;1821;monograph;ICDAR2017;train
80.txt;1821;monograph;ICDAR2017;train
81.txt;1821;monograph;ICDAR2017;dev
82.txt;1821;monograph;ICDAR2017;train
83.txt;1821;monograph;ICDAR2017;dev
84.txt;1821;monograph;ICDAR2017;train
85.txt;1821;monograph;ICDAR2017;train
86.txt;1821;monograph;ICDAR2017;train
87.txt;1821;monograph;ICDAR2017;dev
88.txt;1821;monograph;ICDAR2017;train
89.txt;1821;monograph;ICDAR2017;train
90.txt;1821;monograph;ICDAR2017;train
91.txt;1821;monograph;ICDAR2017;train
92.txt;1821;monograph;ICDAR2017;train
93.txt;1821;monograph;ICDAR2017;train
94.txt;1821;monograph;ICDAR2017;train
95.txt;1821;monograph;ICDAR2017;train
96.txt;1821;monograph;ICDAR2017;train
97.txt;1821;monograph;ICDAR2017;dev
98.txt;1821;monograph;ICDAR2017;train
99.txt;1821;monograph;ICDAR2017;train
100.txt;1821;monograph;ICDAR2017;train
101.txt;1821;monograph;ICDAR2017;train
102.txt;1821;monograph;ICDAR2017;dev
103.txt;1821;monograph;ICDAR2017;train
104.txt;1821;monograph;ICDAR2017;train
105.txt;1821;monograph;ICDAR2017;train
106.txt;1821;monograph;ICDAR2017;train
107.txt;1821;monograph;ICDAR2017;train
108.txt;1821;monograph;ICDAR2017;train
109.txt;1821;monograph;ICDAR2017;train
110.txt;1821;monograph;ICDAR2017;train
111.txt;1821;monograph;ICDAR2017;train
112.txt;1821;monograph;ICDAR2017;train
113.txt;1821;monograph;ICDAR2017;test
114.txt;1821;monograph;ICDAR2017;train
115.txt;1821;monograph;ICDAR2017;train
116.txt;1821;monograph;ICDAR2017;test
117.txt;1821;monograph;ICDAR2017;train
118.txt;1821;monograph;ICDAR2017;test
119.txt;1821;monograph;ICDAR2017;train
120.txt;1821;monograph;ICDAR2017;train
121.txt;1821;monograph;ICDAR2017;train
122.txt;1821;monograph;ICDAR2017;train
123.txt;1821;monograph;ICDAR2017;train
124.txt;1821;monograph;ICDAR2017;train
125.txt;1821;monograph;ICDAR2017;test
126.txt;1821;monograph;ICDAR2017;train
127.txt;1821;monograph;ICDAR2017;train
128.txt;1821;monograph;ICDAR2017;train
129.txt;1821;monograph;ICDAR2017;train
130.txt;1843;monograph;ICDAR2017;train
131.txt;1864;monograph;ICDAR2017;test
132.txt;1864;monograph;ICDAR2017;train
133.txt;1864;monograph;ICDAR2017;train
134.txt;1864;monograph;ICDAR2017;train
135.txt;1864;monograph;ICDAR2017;dev
136.txt;1864;monograph;ICDAR2017;train
137.txt;1864;monograph;ICDAR2017;test
138.txt;1864;monograph;ICDAR2017;train
139.txt;1864;monograph;ICDAR2017;train
140.txt;1864;monograph;ICDAR2017;train
141.txt;1864;monograph;ICDAR2017;train
142.txt;1864;monograph;ICDAR2017;train
143.txt;1864;monograph;ICDAR2017;dev
144.txt;1864;monograph;ICDAR2017;train
145.txt;1864;monograph;ICDAR2017;train
146.txt;1864;monograph;ICDAR2017;train
147.txt;1864;monograph;ICDAR2017;dev
148.txt;1864;monograph;ICDAR2017;train
149.txt;1864;monograph;ICDAR2017;train
150.txt;1864;monograph;ICDAR2017;train
151.txt;1864;monograph;ICDAR2017;train
152.txt;1864;monograph;ICDAR2017;train
153.txt;1864;monograph;ICDAR2017;train
154.txt;1864;monograph;ICDAR2017;train
155.txt;1864;monograph;ICDAR2017;train
156.txt;1864;monograph;ICDAR2017;train
157.txt;1864;monograph;ICDAR2017;test
158.txt;1864;monograph;ICDAR2017;train
159.txt;1864;monograph;ICDAR2017;train
160.txt;1864;monograph;ICDAR2017;dev
161.txt;1864;monograph;ICDAR2017;train
162.txt;1864;monograph;ICDAR2017;train
163.txt;1864;monograph;ICDAR2017;test
164.txt;1864;monograph;ICDAR2017;dev
165.txt;1864;monograph;ICDAR2017;test
166.txt;1864;monograph;ICDAR2017;train
167.txt;1864;monograph;ICDAR2017;train
168.txt;1864;monograph;ICDAR2017;train
169.txt;1864;monograph;ICDAR2017;train
170.txt;1864;monograph;ICDAR2017;train
171.txt;1864;monograph;ICDAR2017;train
172.txt;1864;monograph;ICDAR2017;train
173.txt;1864;monograph;ICDAR2017;train
174.txt;1864;monograph;ICDAR2017;train
175.txt;1864;monograph;ICDAR2017;train
176.txt;1864;monograph;ICDAR2017;test
177.txt;1864;monograph;ICDAR2017;train
178.txt;1864;monograph;ICDAR2017;train
179.txt;1857;monograph;ICDAR2017;train
180.txt;1857;monograph;ICDAR2017;train
181.txt;1857;monograph;ICDAR2017;dev
182.txt;1857;monograph;ICDAR2017;dev
183.txt;1857;monograph;ICDAR2017;train
184.txt;1857;monograph;ICDAR2017;train
185.txt;1857;monograph;ICDAR2017;test
186.txt;1857;monograph;ICDAR2017;train
187.txt;1857;monograph;ICDAR2017;train
188.txt;1857;monograph;ICDAR2017;train
189.txt;1857;monograph;ICDAR2017;train
190.txt;1857;monograph;ICDAR2017;train
191.txt;1857;monograph;ICDAR2017;test
192.txt;1857;monograph;ICDAR2017;train
193.txt;1857;monograph;ICDAR2017;train
194.txt;1857;monograph;ICDAR2017;train
195.txt;1857;monograph;ICDAR2017;train
196.txt;1857;monograph;ICDAR2017;train
197.txt;1857;monograph;ICDAR2017;train
198.txt;1857;monograph;ICDAR2017;train
199.txt;1857;monograph;ICDAR2017;train
200.txt;1857;monograph;ICDAR2017;train
201.txt;1857;monograph;ICDAR2017;dev
202.txt;1857;monograph;ICDAR2017;train
203.txt;1857;monograph;ICDAR2017;train
204.txt;1857;monograph;ICDAR2017;train
205.txt;1857;monograph;ICDAR2017;train
206.txt;1857;monograph;ICDAR2017;train
207.txt;1857;monograph;ICDAR2017;train
208.txt;1857;monograph;ICDAR2017;train
209.txt;1857;monograph;ICDAR2017;train
210.txt;1857;monograph;ICDAR2017;train
211.txt;1857;monograph;ICDAR2017;train
212.txt;1857;monograph;ICDAR2017;train
213.txt;1857;monograph;ICDAR2017;train
214.txt;1857;monograph;ICDAR2017;train
215.txt;1857;monograph;ICDAR2017;train
216.txt;1857;monograph;ICDAR2017;dev
217.txt;1857;monograph;ICDAR2017;train
218.txt;1857;monograph;ICDAR2017;train
219.txt;1857;monograph;ICDAR2017;train
220.txt;1857;monograph;ICDAR2017;train
221.txt;1857;monograph;ICDAR2017;train
222.txt;1857;monograph;ICDAR2017;train
223.txt;1857;monograph;ICDAR2017;train
224.txt;1857;monograph;ICDAR2017;train
225.txt;1857;monograph;ICDAR2017;train
226.txt;1857;monograph;ICDAR2017;train
227.txt;1857;monograph;ICDAR2017;train
228.txt;1857;monograph;ICDAR2017;train
229.txt;1845;monograph;ICDAR2017;train
230.txt;1845;monograph;ICDAR2017;train
231.txt;1845;monograph;ICDAR2017;train
232.txt;1845;monograph;ICDAR2017;train
233.txt;1845;monograph;ICDAR2017;train
234.txt;1845;monograph;ICDAR2017;train
235.txt;1845;monograph;ICDAR2017;test
236.txt;1845;monograph;ICDAR2017;train
237.txt;1845;monograph;ICDAR2017;train
238.txt;1845;monograph;ICDAR2017;train
239.txt;1845;monograph;ICDAR2017;dev
240.txt;1845;monograph;ICDAR2017;train
241.txt;1845;monograph;ICDAR2017;train
242.txt;1845;monograph;ICDAR2017;train
243.txt;1845;monograph;ICDAR2017;train
244.txt;1845;monograph;ICDAR2017;dev
245.txt;1845;monograph;ICDAR2017;train
246.txt;1845;monograph;ICDAR2017;train
247.txt;1845;monograph;ICDAR2017;train
248.txt;1845;monograph;ICDAR2017;train
249.txt;1845;monograph;ICDAR2017;train
250.txt;1845;monograph;ICDAR2017;dev
251.txt;1845;monograph;ICDAR2017;train
252.txt;1845;monograph;ICDAR2017;train
253.txt;1845;monograph;ICDAR2017;test
254.txt;1845;monograph;ICDAR2017;train
255.txt;1845;monograph;ICDAR2017;train
256.txt;1845;monograph;ICDAR2017;train
257.txt;1845;monograph;ICDAR2017;train
258.txt;1845;monograph;ICDAR2017;train
259.txt;1845;monograph;ICDAR2017;train
260.txt;1845;monograph;ICDAR2017;train
261.txt;1845;monograph;ICDAR2017;test
262.txt;1845;monograph;ICDAR2017;dev
263.txt;1845;monograph;ICDAR2017;train
264.txt;1845;monograph;ICDAR2017;train
265.txt;1845;monograph;ICDAR2017;train
266.txt;1845;monograph;ICDAR2017;train
267.txt;1845;monograph;ICDAR2017;train
268.txt;1845;monograph;ICDAR2017;test
269.txt;1845;monograph;ICDAR2017;train
270.txt;1845;monograph;ICDAR2017;train
271.txt;1845;monograph;ICDAR2017;train
272.txt;1845;monograph;ICDAR2017;train
273.txt;1845;monograph;ICDAR2017;train
274.txt;1845;monograph;ICDAR2017;train
275.txt;1845;monograph;ICDAR2017;test
276.txt;1845;monograph;ICDAR2017;dev
277.txt;1845;monograph;ICDAR2017;train
278.txt;1845;monograph;ICDAR2017;train
279.txt;1845;monograph;ICDAR2017;train
280.txt;1845;monograph;ICDAR2017;test
281.txt;1845;monograph;ICDAR2017;dev
282.txt;1845;monograph;ICDAR2017;train
283.txt;1845;monograph;ICDAR2017;dev
284.txt;1845;monograph;ICDAR2017;train
285.txt;1845;monograph;ICDAR2017;train
286.txt;1845;monograph;ICDAR2017;train
287.txt;1845;monograph;ICDAR2017;test
288.txt;1845;monograph;ICDAR2017;train
289.txt;1845;monograph;ICDAR2017;train
290.txt;1845;monograph;ICDAR2017;train
291.txt;1845;monograph;ICDAR2017;train
292.txt;1845;monograph;ICDAR2017;train
293.txt;1845;monograph;ICDAR2017;test
294.txt;1845;monograph;ICDAR2017;train
295.txt;1845;monograph;ICDAR2017;test
296.txt;1845;monograph;ICDAR2017;train
297.txt;1845;monograph;ICDAR2017;train
298.txt;1845;monograph;ICDAR2017;train
299.txt;1845;monograph;ICDAR2017;train
300.txt;1845;monograph;ICDAR2017;test
301.txt;1845;monograph;ICDAR2017;train
302.txt;1845;monograph;ICDAR2017;train
303.txt;1845;monograph;ICDAR2017;train
304.txt;1845;monograph;ICDAR2017;test
305.txt;1845;monograph;ICDAR2017;train
306.txt;1845;monograph;ICDAR2017;train
307.txt;1845;monograph;ICDAR2017;train
308.txt;1845;monograph;ICDAR2017;train
309.txt;1845;monograph;ICDAR2017;train
310.txt;1845;monograph;ICDAR2017;train
311.txt;1820;monograph;ICDAR2017;train
312.txt;1820;monograph;ICDAR2017;train
313.txt;1820;monograph;ICDAR2017;dev
314.txt;1820;monograph;ICDAR2017;train
315.txt;1820;monograph;ICDAR2017;train
316.txt;1820;monograph;ICDAR2017;train
317.txt;1820;monograph;ICDAR2017;train
318.txt;1820;monograph;ICDAR2017;test
319.txt;1820;monograph;ICDAR2017;train
320.txt;1820;monograph;ICDAR2017;train
321.txt;1820;monograph;ICDAR2017;train
322.txt;1820;monograph;ICDAR2017;train
323.txt;1820;monograph;ICDAR2017;dev
324.txt;1820;monograph;ICDAR2017;train
325.txt;1820;monograph;ICDAR2017;test
326.txt;1820;monograph;ICDAR2017;train
327.txt;1820;monograph;ICDAR2017;train
328.txt;1820;monograph;ICDAR2017;train
329.txt;1820;monograph;ICDAR2017;train
330.txt;1820;monograph;ICDAR2017;train
331.txt;1820;monograph;ICDAR2017;train
332.txt;1820;monograph;ICDAR2017;train
333.txt;1820;monograph;ICDAR2017;dev
334.txt;1820;monograph;ICDAR2017;train
335.txt;1820;monograph;ICDAR2017;train
336.txt;1820;monograph;ICDAR2017;train
337.txt;1820;monograph;ICDAR2017;train
338.txt;1820;monograph;ICDAR2017;train
339.txt;1820;monograph;ICDAR2017;dev
340.txt;1820;monograph;ICDAR2017;dev
341.txt;1820;monograph;ICDAR2017;train
342.txt;1820;monograph;ICDAR2017;train
343.txt;1820;monograph;ICDAR2017;train
344.txt;1820;monograph;ICDAR2017;train
345.txt;1820;monograph;ICDAR2017;train
346.txt;1820;monograph;ICDAR2017;train
347.txt;1820;monograph;ICDAR2017;train
348.txt;1820;monograph;ICDAR2017;train
349.txt;1820;monograph;ICDAR2017;train
350.txt;1820;monograph;ICDAR2017;train
351.txt;1820;monograph;ICDAR2017;test
352.txt;1820;monograph;ICDAR2017;train
353.txt;1820;monograph;ICDAR2017;train
354.txt;1820;monograph;ICDAR2017;dev
355.txt;1820;monograph;ICDAR2017;train
356.txt;1820;monograph;ICDAR2017;train
357.txt;1820;monograph;ICDAR2017;train
358.txt;1820;monograph;ICDAR2017;dev
359.txt;1820;monograph;ICDAR2017;train
360.txt;1820;monograph;ICDAR2017;train
361.txt;1820;monograph;ICDAR2017;test
362.txt;1820;monograph;ICDAR2017;test
363.txt;1820;monograph;ICDAR2017;train
364.txt;1820;monograph;ICDAR2017;train
365.txt;1890;monograph;ICDAR2017;dev
366.txt;1890;monograph;ICDAR2017;train
367.txt;1890;monograph;ICDAR2017;test
368.txt;1890;monograph;ICDAR2017;train
369.txt;1890;monograph;ICDAR2017;test
370.txt;1890;monograph;ICDAR2017;test
371.txt;1890;monograph;ICDAR2017;test
372.txt;1890;monograph;ICDAR2017;train
373.txt;1890;monograph;ICDAR2017;train
374.txt;1890;monograph;ICDAR2017;train
375.txt;1890;monograph;ICDAR2017;dev
376.txt;1890;monograph;ICDAR2017;train
377.txt;1890;monograph;ICDAR2017;train
378.txt;1890;monograph;ICDAR2017;train
379.txt;1890;monograph;ICDAR2017;train
380.txt;1890;monograph;ICDAR2017;train
381.txt;1890;monograph;ICDAR2017;dev
382.txt;1890;monograph;ICDAR2017;train
383.txt;1890;monograph;ICDAR2017;dev
384.txt;1890;monograph;ICDAR2017;train
385.txt;1890;monograph;ICDAR2017;dev
386.txt;1890;monograph;ICDAR2017;train
387.txt;1890;monograph;ICDAR2017;test
388.txt;1882;monograph;ICDAR2017;train
389.txt;1882;monograph;ICDAR2017;train
390.txt;1882;monograph;ICDAR2017;train
391.txt;1882;monograph;ICDAR2017;train
392.txt;1882;monograph;ICDAR2017;train
393.txt;1882;monograph;ICDAR2017;train
394.txt;1882;monograph;ICDAR2017;test
395.txt;1882;monograph;ICDAR2017;train
396.txt;1882;monograph;ICDAR2017;train
397.txt;1882;monograph;ICDAR2017;train
410.txt;1876;monograph;ICDAR2017;train
411.txt;1876;monograph;ICDAR2017;train
412.txt;1876;monograph;ICDAR2017;train
413.txt;1876;monograph;ICDAR2017;train
414.txt;1876;monograph;ICDAR2017;train
415.txt;1876;monograph;ICDAR2017;train
416.txt;1876;monograph;ICDAR2017;train
417.txt;1876;monograph;ICDAR2017;train
418.txt;1876;monograph;ICDAR2017;train
419.txt;1876;monograph;ICDAR2017;train
420.txt;1876;monograph;ICDAR2017;train
421.txt;1876;monograph;ICDAR2017;dev
422.txt;1876;monograph;ICDAR2017;test
423.txt;1876;monograph;ICDAR2017;train
424.txt;1876;monograph;ICDAR2017;train
425.txt;1876;monograph;ICDAR2017;train
428.txt;1891;monograph;ICDAR2017;train
429.txt;1891;monograph;ICDAR2017;train
430.txt;1891;monograph;ICDAR2017;dev
431.txt;1891;monograph;ICDAR2017;train
432.txt;1891;monograph;ICDAR2017;train
433.txt;1891;monograph;ICDAR2017;dev
434.txt;1891;monograph;ICDAR2017;train
435.txt;1891;monograph;ICDAR2017;train
436.txt;1891;monograph;ICDAR2017;test
437.txt;1891;monograph;ICDAR2017;train
438.txt;1891;monograph;ICDAR2017;train
439.txt;1891;monograph;ICDAR2017;dev
440.txt;1829;monograph;ICDAR2017;train
441.txt;1829;monograph;ICDAR2017;dev
442.txt;1829;monograph;ICDAR2017;train
443.txt;1829;monograph;ICDAR2017;train
444.txt;1829;monograph;ICDAR2017;train
445.txt;1829;monograph;ICDAR2017;test
446.txt;1829;monograph;ICDAR2017;train
447.txt;1829;monograph;ICDAR2017;train
448.txt;1829;monograph;ICDAR2017;train
449.txt;1829;monograph;ICDAR2017;train
450.txt;1829;monograph;ICDAR2017;train
451.txt;1829;monograph;ICDAR2017;train
463.txt;1868;monograph;ICDAR2017;train
464.txt;1868;monograph;ICDAR2017;dev
465.txt;1868;monograph;ICDAR2017;train
466.txt;1868;monograph;ICDAR2017;train
467.txt;1868;monograph;ICDAR2017;dev
468.txt;1868;monograph;ICDAR2017;train
469.txt;1868;monograph;ICDAR2017;train
470.txt;1868;monograph;ICDAR2017;test
471.txt;1868;monograph;ICDAR2017;train
472.txt;1868;monograph;ICDAR2017;train
473.txt;1868;monograph;ICDAR2017;train
474.txt;1871;monograph;ICDAR2017;test
475.txt;1871;monograph;ICDAR2017;train
476.txt;1871;monograph;ICDAR2017;train
477.txt;1871;monograph;ICDAR2017;train
478.txt;1871;monograph;ICDAR2017;train
479.txt;1871;monograph;ICDAR2017;train
480.txt;1871;monograph;ICDAR2017;train
481.txt;1871;monograph;ICDAR2017;train
482.txt;1871;monograph;ICDAR2017;train
483.txt;1871;monograph;ICDAR2017;test
484.txt;1871;monograph;ICDAR2017;train
485.txt;1871;monograph;ICDAR2017;train
486.txt;1871;monograph;ICDAR2017;train
487.txt;1871;monograph;ICDAR2017;dev
488.txt;1871;monograph;ICDAR2017;train
489.txt;1871;monograph;ICDAR2017;train
490.txt;1871;monograph;ICDAR2017;train
491.txt;1871;monograph;ICDAR2017;train
492.txt;1871;monograph;ICDAR2017;train
493.txt;1871;monograph;ICDAR2017;train
494.txt;1871;monograph;ICDAR2017;dev
495.txt;1871;monograph;ICDAR2017;train
496.txt;1871;monograph;ICDAR2017;train
497.txt;1871;monograph;ICDAR2017;train
498.txt;1871;monograph;ICDAR2017;train
499.txt;1871;monograph;ICDAR2017;train
500.txt;1871;monograph;ICDAR2017;train
501.txt;1871;monograph;ICDAR2017;test
502.txt;1871;monograph;ICDAR2017;train
503.txt;1871;monograph;ICDAR2017;test
504.txt;1871;monograph;ICDAR2017;train
505.txt;1874;monograph;ICDAR2017;train
506.txt;1874;monograph;ICDAR2017;train
507.txt;1874;monograph;ICDAR2017;train
508.txt;1874;monograph;ICDAR2017;train
509.txt;1874;monograph;ICDAR2017;train
510.txt;1874;monograph;ICDAR2017;train
511.txt;1873;monograph;ICDAR2017;train
512.txt;1873;monograph;ICDAR2017;train
513.txt;1873;monograph;ICDAR2017;train
514.txt;1873;monograph;ICDAR2017;train
515.txt;1873;monograph;ICDAR2017;train
516.txt;1873;monograph;ICDAR2017;dev
517.txt;1873;monograph;ICDAR2017;train
518.txt;1873;monograph;ICDAR2017;train
519.txt;1873;monograph;ICDAR2017;train
520.txt;1873;monograph;ICDAR2017;train
521.txt;1873;monograph;ICDAR2017;train
522.txt;1873;monograph;ICDAR2017;train
523.txt;1873;monograph;ICDAR2017;train
524.txt;1873;monograph;ICDAR2017;train
525.txt;1873;monograph;ICDAR2017;train
526.txt;1873;monograph;ICDAR2017;train
527.txt;1873;monograph;ICDAR2017;train
528.txt;1873;monograph;ICDAR2017;train
529.txt;1873;monograph;ICDAR2017;train
530.txt;1873;monograph;ICDAR2017;train
531.txt;1873;monograph;ICDAR2017;train
532.txt;1897;monograph;ICDAR2017;train
533.txt;1892;monograph;ICDAR2017;train
534.txt;1892;monograph;ICDAR2017;train
535.txt;1892;monograph;ICDAR2017;train
536.txt;1892;monograph;ICDAR2017;test
537.txt;1892;monograph;ICDAR2017;test
538.txt;1892;monograph;ICDAR2017;train
539.txt;1892;monograph;ICDAR2017;train
540.txt;1892;monograph;ICDAR2017;train
541.txt;1842;monograph;ICDAR2017;train
542.txt;1842;monograph;ICDAR2017;train
543.txt;1842;monograph;ICDAR2017;train
544.txt;1842;monograph;ICDAR2017;train
545.txt;1842;monograph;ICDAR2017;train
546.txt;1886;monograph;ICDAR2017;train
547.txt;1886;monograph;ICDAR2017;train
548.txt;1886;monograph;ICDAR2017;train
549.txt;1886;monograph;ICDAR2017;train
550.txt;1886;monograph;ICDAR2017;train
551.txt;1886;monograph;ICDAR2017;train
552.txt;1886;monograph;ICDAR2017;train
553.txt;1886;monograph;ICDAR2017;train
554.txt;1886;monograph;ICDAR2017;train
555.txt;1886;monograph;ICDAR2017;train
556.txt;1886;monograph;ICDAR2017;train
557.txt;1886;monograph;ICDAR2017;train
558.txt;1886;monograph;ICDAR2017;test
559.txt;1886;monograph;ICDAR2017;train
560.txt;1886;monograph;ICDAR2017;train
561.txt;1886;monograph;ICDAR2017;dev
562.txt;1886;monograph;ICDAR2017;train
563.txt;1886;monograph;ICDAR2017;train
564.txt;1886;monograph;ICDAR2017;train
565.txt;1886;monograph;ICDAR2017;train
566.txt;1886;monograph;ICDAR2017;train
567.txt;1886;monograph;ICDAR2017;train
568.txt;1886;monograph;ICDAR2017;train
569.txt;1886;monograph;ICDAR2017;train
570.txt;1886;monograph;ICDAR2017;train
571.txt;1886;monograph;ICDAR2017;train
572.txt;1886;monograph;ICDAR2017;dev
573.txt;1886;monograph;ICDAR2017;dev
574.txt;1886;monograph;ICDAR2017;train
575.txt;1886;monograph;ICDAR2017;train
576.txt;1886;monograph;ICDAR2017;dev
577.txt;1886;monograph;ICDAR2017;train
578.txt;1886;monograph;ICDAR2017;train
579.txt;1886;monograph;ICDAR2017;test
580.txt;1886;monograph;ICDAR2017;test
581.txt;1886;monograph;ICDAR2017;train
582.txt;1886;monograph;ICDAR2017;train
583.txt;1886;monograph;ICDAR2017;test
584.txt;1886;monograph;ICDAR2017;train
585.txt;1886;monograph;ICDAR2017;train
586.txt;1886;monograph;ICDAR2017;train
587.txt;1886;monograph;ICDAR2017;train
588.txt;1886;monograph;ICDAR2017;train
589.txt;1886;monograph;ICDAR2017;train
590.txt;1886;monograph;ICDAR2017;train
591.txt;1886;monograph;ICDAR2017;train
592.txt;1886;monograph;ICDAR2017;train
593.txt;1886;monograph;ICDAR2017;test
594.txt;1886;monograph;ICDAR2017;train
595.txt;1886;monograph;ICDAR2017;train
596.txt;1886;monograph;ICDAR2017;train
597.txt;1886;monograph;ICDAR2017;train
598.txt;1886;monograph;ICDAR2017;train
599.txt;1886;monograph;ICDAR2017;train
600.txt;1886;monograph;ICDAR2017;test
601.txt;1886;monograph;ICDAR2017;train
602.txt;1886;monograph;ICDAR2017;test
603.txt;1886;monograph;ICDAR2017;dev
604.txt;1886;monograph;ICDAR2017;train
605.txt;1886;monograph;ICDAR2017;train
606.txt;1886;monograph;ICDAR2017;train
607.txt;1886;monograph;ICDAR2017;dev
608.txt;1886;monograph;ICDAR2017;train
609.txt;1886;monograph;ICDAR2017;train
610.txt;1886;monograph;ICDAR2017;train
611.txt;1886;monograph;ICDAR2017;train
612.txt;1886;monograph;ICDAR2017;train
613.txt;1886;monograph;ICDAR2017;train
614.txt;1886;monograph;ICDAR2017;dev
615.txt;1886;monograph;ICDAR2017;train
616.txt;1886;monograph;ICDAR2017;train
617.txt;1886;monograph;ICDAR2017;train
618.txt;1886;monograph;ICDAR2017;train
619.txt;1886;monograph;ICDAR2017;dev
620.txt;1886;monograph;ICDAR2017;train
621.txt;1886;monograph;ICDAR2017;dev
622.txt;1886;monograph;ICDAR2017;train
623.txt;1886;monograph;ICDAR2017;train
624.txt;1886;monograph;ICDAR2017;test
625.txt;1886;monograph;ICDAR2017;train
626.txt;1886;monograph;ICDAR2017;dev
627.txt;1886;monograph;ICDAR2017;train
628.txt;1886;monograph;ICDAR2017;train
629.txt;1886;monograph;ICDAR2017;train
630.txt;1886;monograph;ICDAR2017;train
631.txt;1886;monograph;ICDAR2017;train
632.txt;1886;monograph;ICDAR2017;train
633.txt;1886;monograph;ICDAR2017;train
634.txt;1886;monograph;ICDAR2017;train
635.txt;1886;monograph;ICDAR2017;train
636.txt;1886;monograph;ICDAR2017;train
637.txt;1886;monograph;ICDAR2017;train
638.txt;1886;monograph;ICDAR2017;train
639.txt;1886;monograph;ICDAR2017;train
640.txt;1886;monograph;ICDAR2017;train
641.txt;1886;monograph;ICDAR2017;train
642.txt;1886;monograph;ICDAR2017;train
643.txt;1886;monograph;ICDAR2017;train
644.txt;1886;monograph;ICDAR2017;train
645.txt;1886;monograph;ICDAR2017;train
646.txt;1886;monograph;ICDAR2017;train
647.txt;1886;monograph;ICDAR2017;train
648.txt;1886;monograph;ICDAR2017;train
649.txt;1886;monograph;ICDAR2017;train
650.txt;1886;monograph;ICDAR2017;train
651.txt;1886;monograph;ICDAR2017;train
652.txt;1886;monograph;ICDAR2017;train
653.txt;1886;monograph;ICDAR2017;train
654.txt;1886;monograph;ICDAR2017;test
655.txt;1886;monograph;ICDAR2017;train
656.txt;1886;monograph;ICDAR2017;dev
657.txt;1886;monograph;ICDAR2017;train
658.txt;1886;monograph;ICDAR2017;test
659.txt;1886;monograph;ICDAR2017;train
660.txt;1886;monograph;ICDAR2017;train
661.txt;1886;monograph;ICDAR2017;train
662.txt;1886;monograph;ICDAR2017;test
663.txt;1886;monograph;ICDAR2017;test
664.txt;1886;monograph;ICDAR2017;train
665.txt;1886;monograph;ICDAR2017;train
666.txt;1886;monograph;ICDAR2017;train
667.txt;1886;monograph;ICDAR2017;train
668.txt;1886;monograph;ICDAR2017;train
669.txt;1820;monograph;ICDAR2017;train
670.txt;1820;monograph;ICDAR2017;train
671.txt;1820;monograph;ICDAR2017;test
672.txt;1820;monograph;ICDAR2017;train
673.txt;1820;monograph;ICDAR2017;train
674.txt;1820;monograph;ICDAR2017;train
675.txt;1820;monograph;ICDAR2017;train
676.txt;1820;monograph;ICDAR2017;train
677.txt;1852;monograph;ICDAR2017;train
678.txt;1852;monograph;ICDAR2017;test
679.txt;1852;monograph;ICDAR2017;train
680.txt;1852;monograph;ICDAR2017;dev
681.txt;1852;monograph;ICDAR2017;train
682.txt;1852;monograph;ICDAR2017;train
683.txt;1852;monograph;ICDAR2017;test
684.txt;1882;monograph;ICDAR2017;train
685.txt;1882;monograph;ICDAR2017;train
686.txt;1882;monograph;ICDAR2017;train
687.txt;1882;monograph;ICDAR2017;train
688.txt;1882;monograph;ICDAR2017;train
689.txt;1882;monograph;ICDAR2017;train
690.txt;1882;monograph;ICDAR2017;train
691.txt;1863;monograph;ICDAR2017;test
692.txt;1863;monograph;ICDAR2017;test
693.txt;1863;monograph;ICDAR2017;train
694.txt;1863;monograph;ICDAR2017;train
695.txt;1863;monograph;ICDAR2017;train
696.txt;1863;monograph;ICDAR2017;test
697.txt;1863;monograph;ICDAR2017;train
698.txt;1863;monograph;ICDAR2017;train
699.txt;1875;monograph;ICDAR2017;train
700.txt;1875;monograph;ICDAR2017;train
701.txt;1842;monograph;ICDAR2017;train
702.txt;1842;monograph;ICDAR2017;train
703.txt;1842;monograph;ICDAR2017;train
704.txt;1842;monograph;ICDAR2017;train
705.txt;1842;monograph;ICDAR2017;train
708.txt;1870;monograph;ICDAR2017;train
709.txt;1870;monograph;ICDAR2017;train
710.txt;1870;monograph;ICDAR2017;dev
711.txt;1870;monograph;ICDAR2017;train
712.txt;1870;monograph;ICDAR2017;train
717.txt;1858;monograph;ICDAR2017;test
718.txt;1858;monograph;ICDAR2017;dev
719.txt;1858;monograph;ICDAR2017;train
720.txt;1858;monograph;ICDAR2017;test
721.txt;1858;monograph;ICDAR2017;train
722.txt;1858;monograph;ICDAR2017;dev
723.txt;1858;monograph;ICDAR2017;train
724.txt;1858;monograph;ICDAR2017;train
725.txt;1858;monograph;ICDAR2017;train
726.txt;1858;monograph;ICDAR2017;train
727.txt;1858;monograph;ICDAR2017;train
728.txt;1858;monograph;ICDAR2017;train
729.txt;1858;monograph;ICDAR2017;dev
730.txt;1858;monograph;ICDAR2017;train
731.txt;1858;monograph;ICDAR2017;train
732.txt;1858;monograph;ICDAR2017;train
733.txt;1858;monograph;ICDAR2017;train
734.txt;1858;monograph;ICDAR2017;train
735.txt;1858;monograph;ICDAR2017;train
736.txt;1858;monograph;ICDAR2017;train
737.txt;1858;monograph;ICDAR2017;train
738.txt;1858;monograph;ICDAR2017;train
739.txt;1858;monograph;ICDAR2017;dev
740.txt;1858;monograph;ICDAR2017;dev
741.txt;1858;monograph;ICDAR2017;train
742.txt;1858;monograph;ICDAR2017;train
743.txt;1858;monograph;ICDAR2017;train
744.txt;1858;monograph;ICDAR2017;dev
745.txt;1858;monograph;ICDAR2017;train
746.txt;1858;monograph;ICDAR2017;train
747.txt;1858;monograph;ICDAR2017;train
748.txt;1858;monograph;ICDAR2017;train
749.txt;1858;monograph;ICDAR2017;train
750.txt;1858;monograph;ICDAR2017;train
751.txt;1858;monograph;ICDAR2017;train
752.txt;1858;monograph;ICDAR2017;train
753.txt;1858;monograph;ICDAR2017;dev
754.txt;1858;monograph;ICDAR2017;dev
755.txt;1858;monograph;ICDAR2017;test
756.txt;1858;monograph;ICDAR2017;train
757.txt;1858;monograph;ICDAR2017;train
758.txt;1858;monograph;ICDAR2017;train
759.txt;1858;monograph;ICDAR2017;dev
760.txt;1858;monograph;ICDAR2017;train
761.txt;1858;monograph;ICDAR2017;test
762.txt;1858;monograph;ICDAR2017;test
763.txt;1858;monograph;ICDAR2017;train
764.txt;1858;monograph;ICDAR2017;train
765.txt;1858;monograph;ICDAR2017;train
766.txt;1858;monograph;ICDAR2017;train
767.txt;1858;monograph;ICDAR2017;train
768.txt;1858;monograph;ICDAR2017;train
769.txt;1858;monograph;ICDAR2017;train
770.txt;1858;monograph;ICDAR2017;train
771.txt;1858;monograph;ICDAR2017;train
772.txt;1858;monograph;ICDAR2017;train
773.txt;1858;monograph;ICDAR2017;train
774.txt;1858;monograph;ICDAR2017;train
775.txt;1858;monograph;ICDAR2017;train
776.txt;1858;monograph;ICDAR2017;dev
777.txt;1858;monograph;ICDAR2017;train
778.txt;1858;monograph;ICDAR2017;train
779.txt;1858;monograph;ICDAR2017;train
780.txt;1858;monograph;ICDAR2017;test
781.txt;1858;monograph;ICDAR2017;train
782.txt;1858;monograph;ICDAR2017;train
783.txt;1858;monograph;ICDAR2017;train
784.txt;1858;monograph;ICDAR2017;train
785.txt;1858;monograph;ICDAR2017;train
786.txt;1858;monograph;ICDAR2017;train
787.txt;1858;monograph;ICDAR2017;train
788.txt;1858;monograph;ICDAR2017;train
789.txt;1858;monograph;ICDAR2017;train
790.txt;1858;monograph;ICDAR2017;train
791.txt;1858;monograph;ICDAR2017;train
792.txt;1858;monograph;ICDAR2017;test
793.txt;1858;monograph;ICDAR2017;train
794.txt;1858;monograph;ICDAR2017;train
795.txt;1858;monograph;ICDAR2017;train
796.txt;1858;monograph;ICDAR2017;train
797.txt;1858;monograph;ICDAR2017;train
798.txt;1858;monograph;ICDAR2017;train
799.txt;1858;monograph;ICDAR2017;train
800.txt;1858;monograph;ICDAR2017;train
801.txt;1858;monograph;ICDAR2017;train
802.txt;1858;monograph;ICDAR2017;test
803.txt;1858;monograph;ICDAR2017;train
804.txt;1858;monograph;ICDAR2017;train
805.txt;1858;monograph;ICDAR2017;train
806.txt;1858;monograph;ICDAR2017;train
807.txt;1858;monograph;ICDAR2017;train
808.txt;1858;monograph;ICDAR2017;train
809.txt;1858;monograph;ICDAR2017;train
810.txt;1858;monograph;ICDAR2017;train
811.txt;1858;monograph;ICDAR2017;dev
812.txt;1858;monograph;ICDAR2017;dev
813.txt;1858;monograph;ICDAR2017;dev
814.txt;1858;monograph;ICDAR2017;dev
815.txt;1858;monograph;ICDAR2017;train
816.txt;1858;monograph;ICDAR2017;test
817.txt;1858;monograph;ICDAR2017;train
818.txt;1858;monograph;ICDAR2017;train
819.txt;1858;monograph;ICDAR2017;dev
820.txt;1858;monograph;ICDAR2017;train
821.txt;1858;monograph;ICDAR2017;train
822.txt;1858;monograph;ICDAR2017;train
823.txt;1858;monograph;ICDAR2017;train
824.txt;1858;monograph;ICDAR2017;train
825.txt;1858;monograph;ICDAR2017;test
826.txt;1858;monograph;ICDAR2017;train
827.txt;1858;monograph;ICDAR2017;train
828.txt;1858;monograph;ICDAR2017;train
829.txt;1858;monograph;ICDAR2017;train
830.txt;1858;monograph;ICDAR2017;train
831.txt;1858;monograph;ICDAR2017;train
832.txt;1858;monograph;ICDAR2017;train
833.txt;1858;monograph;ICDAR2017;train
834.txt;1858;monograph;ICDAR2017;train
835.txt;1858;monograph;ICDAR2017;train
836.txt;1858;monograph;ICDAR2017;train
837.txt;1858;monograph;ICDAR2017;train
838.txt;1858;monograph;ICDAR2017;train
839.txt;1858;monograph;ICDAR2017;train
840.txt;1858;monograph;ICDAR2017;train
841.txt;1858;monograph;ICDAR2017;train
842.txt;1858;monograph;ICDAR2017;train
843.txt;1858;monograph;ICDAR2017;train
844.txt;1858;monograph;ICDAR2017;train
845.txt;1858;monograph;ICDAR2017;train
846.txt;1858;monograph;ICDAR2017;train
847.txt;1858;monograph;ICDAR2017;train
848.txt;1858;monograph;ICDAR2017;train
849.txt;1858;monograph;ICDAR2017;train
850.txt;1858;monograph;ICDAR2017;test
851.txt;1858;monograph;ICDAR2017;train
852.txt;1858;monograph;ICDAR2017;train
853.txt;1858;monograph;ICDAR2017;train
854.txt;1858;monograph;ICDAR2017;dev
855.txt;1858;monograph;ICDAR2017;train
856.txt;1858;monograph;ICDAR2017;train
857.txt;1858;monograph;ICDAR2017;train
858.txt;1858;monograph;ICDAR2017;train
859.txt;1858;monograph;ICDAR2017;dev
860.txt;1858;monograph;ICDAR2017;train
861.txt;1858;monograph;ICDAR2017;train
862.txt;1858;monograph;ICDAR2017;dev
863.txt;1858;monograph;ICDAR2017;dev
864.txt;1858;monograph;ICDAR2017;train
865.txt;1858;monograph;ICDAR2017;train
866.txt;1858;monograph;ICDAR2017;train
867.txt;1858;monograph;ICDAR2017;train
868.txt;1858;monograph;ICDAR2017;train
869.txt;1858;monograph;ICDAR2017;train
870.txt;1858;monograph;ICDAR2017;train
871.txt;1858;monograph;ICDAR2017;train
872.txt;1858;monograph;ICDAR2017;train
873.txt;1858;monograph;ICDAR2017;train
874.txt;1858;monograph;ICDAR2017;train
875.txt;1858;monograph;ICDAR2017;train
876.txt;1858;monograph;ICDAR2017;train
877.txt;1858;monograph;ICDAR2017;train
878.txt;1858;monograph;ICDAR2017;train
879.txt;1858;monograph;ICDAR2017;train
880.txt;1858;monograph;ICDAR2017;train
881.txt;1858;monograph;ICDAR2017;train
882.txt;1858;monograph;ICDAR2017;train
883.txt;1858;monograph;ICDAR2017;train
884.txt;1858;monograph;ICDAR2017;train
885.txt;1858;monograph;ICDAR2017;train
886.txt;1858;monograph;ICDAR2017;train
887.txt;1858;monograph;ICDAR2017;dev
888.txt;1858;monograph;ICDAR2017;train
889.txt;1858;monograph;ICDAR2017;train
890.txt;1858;monograph;ICDAR2017;test
891.txt;1858;monograph;ICDAR2017;train
892.txt;1858;monograph;ICDAR2017;test
893.txt;1858;monograph;ICDAR2017;train
894.txt;1858;monograph;ICDAR2017;train
895.txt;1858;monograph;ICDAR2017;train
896.txt;1858;monograph;ICDAR2017;train
897.txt;1858;monograph;ICDAR2017;train
898.txt;1858;monograph;ICDAR2017;train
899.txt;1858;monograph;ICDAR2017;train
900.txt;1858;monograph;ICDAR2017;train
901.txt;1858;monograph;ICDAR2017;test
902.txt;1858;monograph;ICDAR2017;train
903.txt;1858;monograph;ICDAR2017;train
904.txt;1858;monograph;ICDAR2017;train
905.txt;1858;monograph;ICDAR2017;train
906.txt;1858;monograph;ICDAR2017;train
907.txt;1858;monograph;ICDAR2017;train
908.txt;1858;monograph;ICDAR2017;train
909.txt;1858;monograph;ICDAR2017;train
910.txt;1858;monograph;ICDAR2017;train
911.txt;1858;monograph;ICDAR2017;train
912.txt;1858;monograph;ICDAR2017;train
913.txt;1858;monograph;ICDAR2017;train
914.txt;1858;monograph;ICDAR2017;train
915.txt;1858;monograph;ICDAR2017;train
916.txt;1858;monograph;ICDAR2017;train
917.txt;1858;monograph;ICDAR2017;train
918.txt;1858;monograph;ICDAR2017;train
919.txt;1858;monograph;ICDAR2017;test
920.txt;1858;monograph;ICDAR2017;train
921.txt;1858;monograph;ICDAR2017;train
922.txt;1858;monograph;ICDAR2017;train
923.txt;1858;monograph;ICDAR2017;train
924.txt;1858;monograph;ICDAR2017;train
925.txt;1858;monograph;ICDAR2017;dev
926.txt;1858;monograph;ICDAR2017;dev
927.txt;1858;monograph;ICDAR2017;train
928.txt;1858;monograph;ICDAR2017;train
929.txt;1858;monograph;ICDAR2017;train
930.txt;1858;monograph;ICDAR2017;dev
931.txt;1858;monograph;ICDAR2017;train
932.txt;1858;monograph;ICDAR2017;test
933.txt;1858;monograph;ICDAR2017;train
934.txt;1858;monograph;ICDAR2017;train
935.txt;1858;monograph;ICDAR2017;train
936.txt;1858;monograph;ICDAR2017;dev
937.txt;1858;monograph;ICDAR2017;train
938.txt;1858;monograph;ICDAR2017;train
939.txt;1858;monograph;ICDAR2017;train
940.txt;1858;monograph;ICDAR2017;train
941.txt;1858;monograph;ICDAR2017;train
942.txt;1858;monograph;ICDAR2017;train
943.txt;1858;monograph;ICDAR2017;test
944.txt;1858;monograph;ICDAR2017;train
945.txt;1858;monograph;ICDAR2017;dev
946.txt;1858;monograph;ICDAR2017;train
947.txt;1858;monograph;ICDAR2017;train
948.txt;1858;monograph;ICDAR2017;dev
949.txt;1858;monograph;ICDAR2017;train
950.txt;1858;monograph;ICDAR2017;train
951.txt;1858;monograph;ICDAR2017;dev
952.txt;1858;monograph;ICDAR2017;train
953.txt;1858;monograph;ICDAR2017;train
954.txt;1858;monograph;ICDAR2017;test
955.txt;1858;monograph;ICDAR2017;train
956.txt;1858;monograph;ICDAR2017;train
957.txt;1858;monograph;ICDAR2017;test
958.txt;1858;monograph;ICDAR2017;train
959.txt;1858;monograph;ICDAR2017;train
960.txt;1858;monograph;ICDAR2017;train
961.txt;1858;monograph;ICDAR2017;train
962.txt;1858;monograph;ICDAR2017;train
963.txt;1858;monograph;ICDAR2017;train
964.txt;1858;monograph;ICDAR2017;train
965.txt;1858;monograph;ICDAR2017;train
966.txt;1858;monograph;ICDAR2017;train
967.txt;1858;monograph;ICDAR2017;train
968.txt;1858;monograph;ICDAR2017;dev
969.txt;1858;monograph;ICDAR2017;test
970.txt;1858;monograph;ICDAR2017;train
971.txt;1858;monograph;ICDAR2017;train
972.txt;1858;monograph;ICDAR2017;train
973.txt;1858;monograph;ICDAR2017;train
974.txt;1858;monograph;ICDAR2017;train
975.txt;1858;monograph;ICDAR2017;train
976.txt;1858;monograph;ICDAR2017;test
977.txt;1850;monograph;ICDAR2017;train
978.txt;1850;monograph;ICDAR2017;test
979.txt;1850;monograph;ICDAR2017;dev
980.txt;1850;monograph;ICDAR2017;dev
999.txt;1822;monograph;ICDAR2017;train
1000.txt;1822;monograph;ICDAR2017;test
1001.txt;1822;monograph;ICDAR2017;dev
1002.txt;1822;monograph;ICDAR2017;train
1003.txt;1822;monograph;ICDAR2017;train
1004.txt;1822;monograph;ICDAR2017;train
1054.txt;1864;monograph;ICDAR2017;train
1055.txt;1864;monograph;ICDAR2017;dev
1056.txt;1864;monograph;ICDAR2017;train
1057.txt;1863;monograph;ICDAR2017;dev
1058.txt;1863;monograph;ICDAR2017;test
1059.txt;1862;monograph;ICDAR2017;test
1060.txt;1862;monograph;ICDAR2017;train
1061.txt;1862;monograph;ICDAR2017;test
1062.txt;1862;monograph;ICDAR2017;train
1068.txt;1828;monograph;ICDAR2017;train
1069.txt;1833;monograph;ICDAR2017;train
1085.txt;1850;monograph;ICDAR2017;test